title,link,content,comment
"엔화, 美 장기금리 상승에 1달러=159엔대 전반 하락 출발",https://n.news.naver.com/mnews/article/003/0014151350?sid=104,"[서울=뉴시스]이재준 기자 = 엔화 환율은 27일 미국 물가지표가 인플레 우려를 부르면서 장기금리 하락으로 엔 매도, 달러 매수가 유입해  1달러=159엔대 전반으로 내려 시작했다.도쿄 외환시장에서 엔화 환율은 이날 오전 8시30분 시점에 1달러=159.24~159.26엔으로 전일 오후 5시 대비 0.24엔 하락했다.전날 나온 7월 미국 개인 소비지출(PCE) 물가지수는 전월 대비 0.2% 올라 시장 예상 0.1% 상승을 웃돌았다.식품과 에너지를 제외한 근원 지수는 0.2% 상승으로 시장 예상과 일치했다.인플레 압력을 확인함에 따라 미국 장기금리는 전일보다 0.01% 오른 4.64%로 거래를 마쳤다.연내 미국 기준금리 인상 관측이 여전한 가운데 금리 상승 전망이 미일 금리차 확대를 의식한 엔 매도, 달러 매수를 부추겼다.엔화 환율은 오전 9시44분 시점에는 0.12엔, 0.07% 내려간 1달러=159.12~159.14엔으로 거래됐다.호주 시드니 외환시장에서 27일 오전 8시30분(한국시간 7시30분)에 엔화 환율은 해외시장 흐름을 이어받아 전일에 비해 0.10엔 내린 1달러=159.26~159.28엔으로 출발했다.앞서 26일(현지시간) 뉴욕 외환시장에서 엔화 환율은 3거래일째 속락, 25일 대비 0.15엔 저하한 1달러=159.30~159.40엔으로 폐장했다.7월 PCE 물가지수가 시장 예상을 상회했다. 미국 인플레 압력이 상당하다는 것으로 받아들여져 엔 매도, 달러 매수를 불렀다.시장에서는 연내 미국 기준금리 인상 가능성을 확실히 남게 만드는 내용이라고 보고 있다.도쿄 외환시장에서 27일 엔화는 유로에 대해 내리고 있다. 오전 9시44분 시점에 1유로=185.44~185.49엔으로 전일보다 0.12엔, 0.06% 밀렸다.유로는 달러에 대해서 하락하고 있다. 오전 9시44분 시점에 1유로=1.1652~1.1656달러로 전일에 비해 0.0018엔, 0.15% 떨어졌다.미국 장기금리 상승으로 유로에 대해서도 달러 매수가 우세를 보이고 있다．","미국 경제 지표가 예상보다 강하게 나오면서 시장의 변동성이 커진 가운데, 환율 동향을 꼼꼼히 분석해 주셔서 감사합니다. 이런 자세한 소식 덕분에 글로벌 경제 흐름과 환율 변동을 이해하는 데 큰 도움이 됩니다. 앞으로도 좋은 소식과 깊이 있는 기사 기대하겠습니다!"
“엔화 저평가됐다”…호주 2위 연기금이 달러 약세·엔화강세에 베팅한...,https://n.news.naver.com/mnews/article/009/0005726477?sid=101,"루카 ART 수석 포트폴리오 매니저“시장, BOJ 추가 금리인상 과소평가”  美국채 비중 축소…“바이백은 미봉책”



 일본 엔화. 로이터연합뉴스호주 2위 규모의 대형 연금기금인 ‘호주 연금 신탁(Australian Retirement Trust·ART)’이 일본은행(BOJ)의 기준금리 인상 가능성이 시장에 과소평가됐다고 판단하며 엔화 강세에 베팅하고 나섰다고 블룸버그통신이 26일(현지시간) 보도했다.약 3700억 호주달러(약 365조원)를 굴리는 ART의 지미 루카 수석 포트폴리오 매니저는 블룸버그와 인터뷰에서 “지난 6개월간 엔화 가치가 달러당 160엔에 육박하며 약세를 보이는 동안 미국 달러 비중을 일부 축소하고 엔화 포지션을 꾸준히 늘려왔다”고 밝혔다.이는 금융시장에서 엔화 약세를 예상하며 엔화 매도세가 이어지는 것과 정반대 흐름이어서 주목된다. 시장 참가자들은 에너지 대외 의존도가 높은 일본의 경제 구조에 주목, 계속되는 에너지 가격 상승과 BOJ의 미온적인 긴축 움직임 등을 바탕으로 엔화 약세에 베팅해왔다.루카 매니저는 ”시장이 고유가 악재는 이미 가격에 반영했지만, BOJ의 추가 금리 인상 가능성은 지나치게 낮게 보고 있다“며 ”현재 극도로 저평가된 엔화의 적정 환율은 달러당 150엔 수준이며, 140엔대 후반까지 강세를 보일 여력이 있다“고 진단했다. 현재 블룸버그가 집계한 스왑 시장 데이터에 따르면 9월 BOJ의 금리 인상 확률은 약 80%, 10월 인상은 100%다.한편 ART는 미국 자산에 대해서는 회의적인 시각을 유지하며 미 국채 비중을 축소(Underweight)했다. 목표치를 웃도는 인플레이션과 견조한 경제 성장, 인공지능(AI) 투자 붐에 따른 자본 수요 급증이 국채 금리를 계속 끌어올릴 것이라는 분석이다.루카 매니저는 스콧 베센트 미 재무장관이 최근 발표한 장기물 바이백 확대 조치를 단기 채권을 발행해 장기 채권을 사들이는 ‘오퍼레이션 트위스트(Operation Twist)’에 비유하며 “금리 상승 압력을 근본적으로 막기보다는 일시적으로 지연시키는 미봉책에 불과하다”고 평가했다. 이어 “미국 30년 만기 국채 금리가 연 5.5% 선을 향해 추가 상승 탄력을 받을 것”이라며 “명목 금리를 억누르려는 시도는 결국 인플레이션을 자극하고 달러화 가치를 떨어뜨릴 수 있다”고 경고했다.호주의 연기금 시장은 약 4조4000억 호주달러 규모로 세계에서 가장 큰 규모다. 연기금들은 전체 자산의 약 절반을 해외에 투자하고 있어 운용역들에게 환율 리스크 관리가 매우 중요하다. 다만 루카 매니저는 달러 자산은 여전히 중요한 분산투자 대상이라고 강조했다. 다만 현재 베선트 장관이 주도하는 장기 국채 금리의 의도적 인하 정책은 인플레이션을 자극하고 달러 가치를 떨어뜨릴 것이라는게 그의 진단이다.","일본 엔화의 저평가와 BOJ의 추가 금리 인상 가능성에 대한 깊이 있는 분석 감사합니다! 루카 매니저님의 통찰력 덕분에 시장의 흐름을 더 명확히 이해할 수 있었고, 글로벌 경제에 대한 균형 잡힌 시각을 갖게 되었습니다. 앞으로도 이런 유익한 정보와 전망 많이 공유해 주세요. 투자자들에게 큰 도움이 될 것 같습니다!"
엔화 약세에 日銀 긴축 빨라지나…9월 금리인상론 급부상,https://n.news.naver.com/mnews/article/018/0006358116?sid=101,"경제학자 57% “9월 인상”…7월 조사 때 이번 분기 인상 전망은 5% 그쳐내년 3월까지 1.5% 이상 전망 65%…최종금리 1.75% 응답 절반미·일 공동 엔화 매수 개입엔 69% “효과 없거나 제한적”[이데일리 신수정 기자] 일본은행(BOJ)이 시장 예상보다 빠른 9월 기준금리 인상에 나설 것이라는 전망이 크게 늘었다. 엔화 약세가 이어지고 중동발 물가 상승 우려까지 커지면서 일본은행의 긴축 속도가 빨라질 가능성이 있다는 분석이다.



일본 도쿄에 있는 일본은행 청사 앞의 교통 표지판. (사진=로이터)26일 로이터가 지난 17~24일 경제학자를 대상으로 실시한 설문조사에 따르면 응답자의 57%가 일본은행이 9월 기준금리를 인상할 것으로 예상했다. 7월 조사에서 올해 3분기 인상을 전망한 응답이 5%에 그쳤던 것과 비교하면 기대가 크게 바뀌었다.일본은행은 지난 6월 기준금리를 1%로 올렸다. 30년 만의 최고 수준이다. 9월 추가 인상이 현실화하면 기준금리는 1.25%로 높아진다.일본은행이 금리를 더 빠르게 올릴 것이라는 전망에는 엔화 약세와 물가 우려가 영향을 미쳤다. 로이터는 미국·이스라엘과 이란 간 전쟁에 따른 인플레이션 위험을 일본은행이 점점 더 경계하고 있다고 전했다. 지난달 일본과 미국이 이례적으로 공동 외환시장 개입에 나섰지만 엔화 매도 압력이 계속되고 있는 점도 긴축 전망을 키웠다.로이터는 이달 초 일본은행이 이르면 9월 추가 인상에 나설 가능성이 있으며, 현재 연간 두 차례가량인 인상 속도보다 더 적극적인 긴축을 검토하고 있다고 보도한 바 있다.스콧 베선트 미국 재무장관의 발언도 9월 인상 전망을 강화했다고 로이터는 전했다. 아야코 후지타 JP모건증권 일본 수석 이코노미스트는 “시장이 이미 9월 금리 인상을 상당 부분 반영하고 있어 인상을 미룰 경우 오히려 시장을 불안정하게 만들 가능성이 있다”며 “조기 정책 조정이 불가피해졌다”고 말했다.추가 인상 전망도 한층 높아졌다. 전체 58명 가운데 10명은 일본은행이 9월 인상에 이어 10월이나 12월에 다시 금리를 올려 1.5%까지 높일 것으로 예상했다.내년 이후 금리 전망도 상향됐다. 응답자 54명 가운데 35명은 기준금리가 내년 3월 말까지 최소 1.5%에 이를 것으로 내다봤다. 이는 7월 조사보다 예상 시점이 3개월 앞당겨진 것이다. 약 60%는 2027년 3분기 말까지 기준금리가 최소 1.75%에 도달할 것으로 전망했다. 긴축 사이클의 최종금리 전망도 높아졌다. 별도 문항에 응답한 36명 가운데 절반은 1.75%를 최종금리로 예상했다. 7월 조사에서는 같은 응답이 19%에 그쳤다. 최종금리를 2% 이상으로 본 비율도 23%에서 36%로 상승했다.지난달 일본과 미국이 실시한 공동 엔화 매수 개입 효과에 대해서는 부정적인 평가가 많았다. 양국은 엔화 가치가 40년 만의 최저 수준으로 떨어지자 엔화와 일본 국채 매도세를 막기 위해 공동 개입에 나섰다.관련 질문에 답한 26명 가운데 18명은 개입이 “별로 효과적이지 않았다”거나 “전혀 효과가 없었다”고 평가했다. 상당수는 개입이 엔화 약세의 근본 원인을 해결하기보다 문제를 늦추는 데 그쳤다고 분석했다.다카이치 사나에 일본 총리의 재정정책이 엔화 약세를 부추길 것이라는 전망도 우세했다. 응답자 28명 가운데 25명인 89%가 식료품 세금 인하와 투자지출 확대 방침이 엔화 약세에 영향을 줄 것으로 봤다. 재원 마련 방안이 명확하지 않다는 우려 때문이다.교헤이 모리타 노무라증권 수석 이코노미스트는 “다카이치 정부의 재정정책이 인플레이션 기대를 높이고 일본은행이 대응에 뒤처지고 있다는 우려를 키우고 있다”고 말했다.그는 “재원 뒷받침이 부족하다는 우려 속에서 소비세 인하까지 시행되면 해외 투자자의 일본 국채 매도가 늘면서 엔화 약세가 더 빨라질 수 있다”고 내다봤다.","일본은행이 빠르게 기준금리를 인상할 가능성이 높아졌다는 소식, 경제 상황을 선제적으로 반영하는 모습이 정말 인상적입니다. 글로벌 불확실성 속에서도 일본 경제가 안정적으로 대응하려는 노력과 전문가들의 깊은 분석이 보여져서 든든하네요. 앞으로도 꼼꼼한 정책과 협력을 통해 일본 경제가 긍정적인 방향으로 성장하길 응원합니다!"
엔화도 美국채도 가격 매력 커졌지만…일학개미 순매수는 글쎄,https://n.news.naver.com/mnews/article/001/0016269394?sid=101,"'엔화 기준 美국채 수익률 추종' 日 ETF, 일학개미 순매수 미미미·일 엔화가치 공동 개입 약발도 약화…추가하락 가능성 경계



엔화 약세(서울=연합뉴스) 류영석 기자 = 23일 서울 명동 거리 한 환전소에 이날 원/달러, 원/엔 환율이 표시되어 있다. 2026.8.23 ondol@yna.co.kr(서울=연합뉴스) 정회인 기자 = 엔화 가치가 다시 급락하고 미국 장기채 금리까지 치솟으면서 두 자산의 가격 매력이 동시에 커졌지만, 일학개미(일본 증시에 투자하는 국내 투자자)들의 움직임은 과거보다 잠잠한 모습이다.    25일 한국예탁결제원에 따르면 이달 들어 전일까지 국내 투자자의 일본 상장 '아이셰어즈 20년 이상 미국 국채 엔화 헤지'(iShares 20+ Year US Treasury Bond JP Hedged·2621) 상장지수펀드(ETF) 매수결제액은 약 438만4천달러로 집계됐다.    이 상품은 만기 20년 이상 미국 국채에 투자하면서 달러화의 엔화 대비 환율 변동을 헤지해 엔화 기준으로 미국 장기채 수익률을 추종하는 일본 상장 ETF다.    엔저 약세가 최근 심화하면서 거래 자체는 늘었다. 최근 일주일(17∼24일) 매수결제액은 192만4천달러로 직전 주(77만4천달러)보다 2배 넘게 증가했다.     그러나 순매수 기준으로는 분위기가 달랐다. 해당 ETF는 이달 국내 투자자의 일본 주식 순매수 상위 50위 안에도 들지 못했다.    매수와 함께 매도도 활발하게 이뤄지면서 뚜렷한 순자금 유입으로 이어지지는 않은 셈이다.    엔화 노출 미국 장기채 상장지수펀드(ETF)는 과거 엔화 가치가 크게 떨어질 때마다 국내 투자자들이 즐겨 찾았던 상품이다. 원화 투자자 입장에서는 향후 엔화 가치가 오를 경우 환차익을 얻을 수 있는 데다 미국 장기채 가격 상승(금리 하락)에 따른 수익까지 함께 노릴 수 있기 때문이다.    특히 최근에는 미국 장기채의 가격 매력도 커졌다.    미국 30년물 국채 금리는 지난 18일(현지시각) 장중 5.3%대를 넘어서며 2007년 이후 최고 수준까지 치솟았다.    채권 금리와 가격은 반대로 움직이는 만큼 시장 금리 급등으로 장기채 가격은 그만큼 낮아진 상태다.    시장 금리가 오르면 새로 발행되는 채권의 이자 매력이 높아져 기존 채권의 가격은 떨어진다. 반대로 향후 금리가 하락하면 기존 장기채 가격은 오르기 때문에 현 수준에서는 가격 반등에 따른 자본차익을 기대할 수 있다.    엔화도 비슷한 상황이다. 지난달 31일 미국과 일본은 1998년 이후 약 30년 만에 공동으로 외환시장 개입에 나섰다. 당시 달러당 163엔대였던 엔·달러 환율은 개입 이후 155엔대까지 내렸지만 최근 다시 159엔대로 올라 엔화 가치는 재차 하락했다.    이에 가격 측면에서는 엔화 반등과 미국 장기채 가격 상승을 동시에 노려볼 만한 여건이 형성됐지만, 투자자들의 매수세가 강하지 않은 것은 엔화와 미국 장기채 두 자산 모두 추가 약세 가능성을 배제하기 어렵기 때문으로 풀이된다.    유진투자증권은 일본의 낮은 금리와 미·일 금리 차 등 구조적인 엔화 약세 요인이 해소되지 않은 만큼 당국의 개입만으로 엔화 강세 효과가 단기에 그칠 가능성이 높다고 분석했다.    유진투자증권 차영후 연구원은 ""과거 엔화가 추세적 강세로 전환할 수 있었던 것은 당국의 개입 자체보다 미·일 금리차 축소 기대가 동반됐기 때문""이라며 ""일본은행(BOJ)의 추가 금리 인상이나 미국 연방준비제도(Fed·연준)의 금리 인하 등이 뒤따르지 않으면 이번 개입 효과도 장기화하기 어렵다""고 짚었다.    삼성증권도 미·일 공동 개입만으로 추세적인 엔화 강세를 이끌기에는 역부족이라며 엔화 안정을 위해서는 BOJ의 조기 금리 인상이 필요하다고 진단했다.    이에 BOJ의 추가 금리 인상 예상 시점을 기존 12월에서 9∼10월로 앞당겼다.    미국 장기채 역시 높아진 금리가 가격 매력을 키우는 동시에 추가 금리 상승에 따른 손실 위험도 안고 있다. 미국의 재정 우려와 물가 불확실성이 이어질 경우 장기금리가 추가로 오르면서 채권 가격이 더 떨어질 수 있어서다.    한 금융투자업계 관계자는 ""엔화와 미국 장기채 모두 가격 매력은 커졌지만, 아직 바닥을 확인했다고 보기는 어렵다""며 ""추가 하락 가능성이 남아 있어 투자자들도 적극적인 저가 매수보다는 관망세를 띠는 것으로 보인다""고 말했다.    hihello@yna.co.kr","환율과 금리 변동 속에서도 신중하게 시장 상황을 바라보는 투자자들의 현명한 판단이 돋보이는 것 같아요. 엔화와 미국 장기채 모두 매력적인 투자처가 될 수 있지만, 추가적인 변동성도 존재하니 조심스럽게 접근하는 태도가 정말 중요하다는 점을 다시 한 번 느끼게 됩니다. 앞으로 전문가들의 면밀한 분석과 대응으로 안정적인 투자 환경이 만들어지길 기대합니다!"
투기 아닌 실수요가 엔저 주도…日정부 개입 효과 ‘한계’,https://n.news.naver.com/mnews/article/015/0005324740?sid=104,"사진=연합뉴스달러당 엔화 가치가 다시 160엔 선을 위협하면서 일본 외환시장에서 2022년 가을과 같은 ‘실수요 주도 엔저’가 재현될 수 있다는 경계감이 커지고 있다. 미·일 공동 엔화 매수 개입에도 엔고 흐름이 이어지지 않은 가운데, 원유 등 수입가격 급등으로 기업들의 엔화 매도 수요가 다시 늘고 있어서다.26일 니혼게이자이신문에 따르면 최근 엔화 약세의 특징은 헤지펀드 등 투기세력보다 무역결제에 따른 실수요 자금이 주도하고 있다는 점이다. 미국 상품선물거래위원회(CFTC) 자료를 토대로 한 투기세력의 엔화 매도 포지션은 지난 18일 기준 약 40억달러로, 미·일 공동개입 이전 120억달러의 3분의 1 수준에 그쳤다.반면 일본의 수입 부담은 빠르게 커지고 있다. 이란 정세 악화 이후 원유와 나프타 등 에너지 가격이 오르면서 4월부터 수입물가 상승률이 수출물가 상승률을 웃돌기 시작했다. 최근 수입물가는 전년 동기 대비 30% 안팎의 상승세를 이어가고 있다.재무성이 발표한 7월 무역통계에서도 원유 조달비 확대 등의 영향으로 수입액이 2개월 연속 사상 최대를 기록했다. 무역수지는 3개월 연속 적자를 냈다. 수입업체가 원유 등 대금을 결제하기 위해 달러를 사고 엔화를 파는 거래가 늘면서 환율 상승 압력이 커지는 구조다.시장에서는 2022년 가을의 엔저 국면이 다시 거론된다. 당시에도 우크라이나 전쟁 이후 국제 원자재 가격이 급등하면서 수입물가 상승률이 50%에 육박했고, 실수요 엔화 매도가 급증했다. 달러당 엔화 가치는 2022년 8월 130엔대에서 불과 두 달 만에 150엔을 넘어섰다.현재 수입물가 상승세는 당시만큼 가파르지는 않지만, 시장에서는 이란 사태에 따른 에너지 가격 상승이 이제 막 본격화하고 있다는 우려가 나온다. 지난달 소비자물가에서도 원유와 나프타 가격 상승분이 식료품과 내구소비재 가격으로 전가되기 시작한 조짐이 나타났다.문제는 실수요 주도의 엔저는 외환시장 개입만으로 막기 어렵다는 점이다. 기업의 무역결제는 환율 수준과 관계없이 지속적으로 발생하기 때문에 정부가 투기세력을 겨냥해 엔화를 매수해도 효과가 제한적일 수 있다.일본은행의 가을 추가 금리 인상 가능성은 이미 시장에 상당 부분 반영돼 있다는 분석도 나온다. 결국 엔저와 수입 인플레이션의 악순환을 끊기 위해서는 에너지 수입 의존도 등 일본 경제의 구조적 문제를 손봐야 한다는 지적이 제기된다.","일본 경제 현황에 대한 깊이 있는 기사 잘 읽었습니다. 실수요 중심의 엔화 약세와 수입물가 상승이라는 현실적인 문제를 상세히 짚어주셔서 이해하는 데 큰 도움이 됐어요. 단기적인 외환시장 개입만으로는 해결하기 어려운 구조적 문제를 인식하고, 에너지 수입 의존도 같은 근본적인 부분에 주목하는 시각이 매우 중요하다고 생각합니다. 앞으로도 이런 통찰력 있는 분석과 정보 공유로 많은 사람들이 경제 상황을 더욱 잘 이해할 수 있길 기대합니다! 감사합니다."
